{
    "ground": {
        "method": "ransac",
        "params": {
            "normal": [
                -0.018681133,
                0.026500294,
                0.999474237
            ],
            "intercept": 8.292880139
        }
    },
    "clipper": {
        "method": "polygon",
        "params": {
            "polygon": [
                [
                    -100.0,
                    -100.0
                ],
                [
                    -100.0,
                    100.0
                ],
                [
                    100.0,
                    100.0
                ],
                [
                    100.0,
                    -100.0
                ]
            ],
            "z_range": [
                -10.0,
                5.0
            ],
            "inverse": false
        }
    }
}
