{
    "ground": {
        "method": "3_points_plane",
        "params": {
            "normal": [
                0.04107451770698209,
                0.014583765688538817,
                0.9990496473016147
            ],
            "intercept": 4.589932380187578
        }
    },
    "clipper": {
        "method": "polygon",
        "params": {
            "polygon": [
                [
                    -25.0,
                    -25.0
                ],
                [
                    -25.0,
                    25.0
                ],
                [
                    25.0,
                    25.0
                ],
                [
                    25.0,
                    -25.0
                ]
            ],
            "z_range": [
                -2.0,
                4.0
            ],
            "inverse": false
        }
    }
}
